[
 {
   "Year": 2010,
   "Organization": "NHS ENGLAND EAST OF ENGLAND ",
   "Attendance": 1332558
 },
 {
   "Year": 2010,
   "Organization": "NHS ENGLAND LONDON",
   "Attendance": 3003087
 },
 {
   "Year": 2010,
   "Organization": "NHS ENGLAND MIDLANDS ",
   "Attendance": 2752500
 },
 {
   "Year": 2010,
   "Organization": "NHS ENGLAND NORTH EAST AND YORKSHIRE ",
   "Attendance": 2596228
 },
 {
   "Year": 2010,
   "Organization": "NHS ENGLAND NORTH WEST ",
   "Attendance": 2338748
 },
 {
   "Year": 2010,
   "Organization": "NHS ENGLAND SOUTH EAST ",
   "Attendance": 2332302
 },
 {
   "Year": 2010,
   "Organization": "NHS ENGLAND SOUTH WEST ",
   "Attendance": 1747231
 },
 {
   "Year": 2011,
   "Organization": "NHS ENGLAND EAST OF ENGLAND ",
   "Attendance": 1736091
 },
 {
   "Year": 2011,
   "Organization": "NHS ENGLAND LONDON",
   "Attendance": 2755153
 },
 {
   "Year": 2011,
   "Organization": "NHS ENGLAND MIDLANDS ",
   "Attendance": 3005939
 },
 {
   "Year": 2011,
   "Organization": "NHS ENGLAND NORTH EAST AND YORKSHIRE ",
   "Attendance": 2608703
 },
 {
   "Year": 2011,
   "Organization": "NHS ENGLAND NORTH WEST ",
   "Attendance": 2333047
 },
 {
   "Year": 2011,
   "Organization": "NHS ENGLAND SOUTH EAST ",
   "Attendance": 2347087
 },
 {
   "Year": 2011,
   "Organization": "NHS ENGLAND SOUTH WEST ",
   "Attendance": 1334732
 },
 {
   "Year": 2012,
   "Organization": "NHS ENGLAND EAST OF ENGLAND ",
   "Attendance": 1738554
 },
 {
   "Year": 2012,
   "Organization": "NHS ENGLAND LONDON",
   "Attendance": 2764669
 },
 {
   "Year": 2012,
   "Organization": "NHS ENGLAND MIDLANDS ",
   "Attendance": 1348688
 },
 {
   "Year": 2012,
   "Organization": "NHS ENGLAND NORTH EAST AND YORKSHIRE ",
   "Attendance": 2609849
 },
 {
   "Year": 2012,
   "Organization": "NHS ENGLAND NORTH WEST ",
   "Attendance": 2994124
 },
 {
   "Year": 2012,
   "Organization": "NHS ENGLAND SOUTH EAST ",
   "Attendance": 2325693
 },
 {
   "Year": 2012,
   "Organization": "NHS ENGLAND SOUTH WEST ",
   "Attendance": 2355445
 },
 {
   "Year": 2013,
   "Organization": "NHS ENGLAND EAST OF ENGLAND ",
   "Attendance": 2322694
 },
 {
   "Year": 2013,
   "Organization": "NHS ENGLAND LONDON",
   "Attendance": 2358664
 },
 {
   "Year": 2013,
   "Organization": "NHS ENGLAND MIDLANDS ",
   "Attendance": 1738998
 },
 {
   "Year": 2013,
   "Organization": "NHS ENGLAND NORTH EAST AND YORKSHIRE ",
   "Attendance": 2996992
 },
 {
   "Year": 2013,
   "Organization": "NHS ENGLAND NORTH WEST ",
   "Attendance": 2598630
 },
 {
   "Year": 2013,
   "Organization": "NHS ENGLAND SOUTH EAST ",
   "Attendance": 2748612
 },
 {
   "Year": 2013,
   "Organization": "NHS ENGLAND SOUTH WEST ",
   "Attendance": 1331891
 },
 {
   "Year": 2014,
   "Organization": "NHS ENGLAND EAST OF ENGLAND ",
   "Attendance": 1340188
 },
 {
   "Year": 2014,
   "Organization": "NHS ENGLAND LONDON",
   "Attendance": 2342492
 },
 {
   "Year": 2014,
   "Organization": "NHS ENGLAND MIDLANDS ",
   "Attendance": 2343890
 },
 {
   "Year": 2014,
   "Organization": "NHS ENGLAND NORTH EAST AND YORKSHIRE ",
   "Attendance": 2753347
 },
 {
   "Year": 2014,
   "Organization": "NHS ENGLAND NORTH WEST ",
   "Attendance": 1736063
 },
 {
   "Year": 2014,
   "Organization": "NHS ENGLAND SOUTH EAST ",
   "Attendance": 2596720
 },
 {
   "Year": 2014,
   "Organization": "NHS ENGLAND SOUTH WEST ",
   "Attendance": 2984211
 },
 {
   "Year": 2015,
   "Organization": "NHS ENGLAND EAST OF ENGLAND ",
   "Attendance": 1735283
 },
 {
   "Year": 2015,
   "Organization": "NHS ENGLAND LONDON",
   "Attendance": 2754466
 },
 {
   "Year": 2015,
   "Organization": "NHS ENGLAND MIDLANDS ",
   "Attendance": 2995776
 },
 {
   "Year": 2015,
   "Organization": "NHS ENGLAND NORTH EAST AND YORKSHIRE ",
   "Attendance": 2610073
 },
 {
   "Year": 2015,
   "Organization": "NHS ENGLAND NORTH WEST ",
   "Attendance": 2324005
 },
 {
   "Year": 2015,
   "Organization": "NHS ENGLAND SOUTH EAST ",
   "Attendance": 2345829
 },
 {
   "Year": 2015,
   "Organization": "NHS ENGLAND SOUTH WEST ",
   "Attendance": 1339204
 },
 {
   "Year": 2016,
   "Organization": "NHS ENGLAND EAST OF ENGLAND ",
   "Attendance": 2608041
 },
 {
   "Year": 2016,
   "Organization": "NHS ENGLAND LONDON",
   "Attendance": 2342171
 },
 {
   "Year": 2016,
   "Organization": "NHS ENGLAND MIDLANDS ",
   "Attendance":  2747369
 },
 {
   "Year": 2016,
   "Organization": "NHS ENGLAND NORTH EAST AND YORKSHIRE ",
   "Attendance": 1738751
 },
 {
   "Year": 2016,
   "Organization": "NHS ENGLAND NORTH WEST ",
   "Attendance": 3006974
 },
 {
   "Year": 2016,
   "Organization": "NHS ENGLAND SOUTH EAST ",
   "Attendance": 2332629
 },
 {
   "Year": 2016,
   "Organization": "NHS ENGLAND SOUTH WEST ",
   "Attendance": 1342696
 },
 {
   "Year": 2017,
   "Organization": "NHS ENGLAND EAST OF ENGLAND ",
   "Attendance": 1341065
 },
 {
   "Year": 2017,
   "Organization": "NHS ENGLAND LONDON",
   "Attendance": 2345297
 },
 {
   "Year": 2017,
   "Organization": "NHS ENGLAND MIDLANDS ",
   "Attendance": 2336311
 },
 {
   "Year": 2017,
   "Organization": "NHS ENGLAND NORTH EAST AND YORKSHIRE ",
   "Attendance": 2602579
 },
 {
   "Year": 2017,
   "Organization": "NHS ENGLAND NORTH WEST ",
   "Attendance": 2746661
 },
 {
   "Year": 2017,
   "Organization": "NHS ENGLAND SOUTH EAST ",
   "Attendance": 2986282
 },
 {
   "Year": 2017,
   "Organization": "NHS ENGLAND SOUTH WEST ",
   "Attendance": 1748911
 },
 {
   "Year": 2018,
   "Organization": "NHS ENGLAND EAST OF ENGLAND ",
   "Attendance": 2743964
 },
 {
   "Year": 2018,
   "Organization": "NHS ENGLAND LONDON",
   "Attendance": 2597793
 },
 {
   "Year": 2018,
   "Organization": "NHS ENGLAND MIDLANDS ",
   "Attendance": 2327668
 },
 {
   "Year": 2018,
   "Organization": "NHS ENGLAND NORTH EAST AND YORKSHIRE ",
   "Attendance": 1742382
 },
 {
   "Year": 2018,
   "Organization": "NHS ENGLAND NORTH WEST ",
   "Attendance": 2339700
 },
 {
   "Year": 2018,
   "Organization": "NHS ENGLAND SOUTH EAST ",
   "Attendance": 1343872
 },
 {
   "Year": 2018,
   "Organization": "NHS ENGLAND SOUTH WEST ",
   "Attendance": 2972024
 },
 {
   "Year": 2019,
   "Organization": "NHS ENGLAND EAST OF ENGLAND ",
   "Attendance": 1737241
 },
 {
   "Year": 2019,
   "Organization": "NHS ENGLAND LONDON",
   "Attendance": 1321137
 },
 {
   "Year": 2019,
   "Organization": "NHS ENGLAND MIDLANDS ",
   "Attendance": 2994153
 },
 {
   "Year": 2019,
   "Organization": "NHS ENGLAND NORTH EAST AND YORKSHIRE ",
   "Attendance": 2608943
 },
 {
   "Year": 2019,
   "Organization": "NHS ENGLAND NORTH WEST ",
   "Attendance": 2744013
 },
 {
   "Year": 2019,
   "Organization": "NHS ENGLAND SOUTH EAST ",
   "Attendance": 2357127
 },
 {
   "Year": 2019,
   "Organization": "NHS ENGLAND SOUTH WEST ",
   "Attendance": 2316822
 },
 {
   "Year": 2020,
   "Organization": "NHS ENGLAND EAST OF ENGLAND ",
   "Attendance": 2987722
 },
 {
   "Year": 2020,
   "Organization": "NHS ENGLAND LONDON",
   "Attendance": 2603049
 },
 {
   "Year": 2020,
   "Organization": "NHS ENGLAND MIDLANDS ",
   "Attendance": 1731177
 },
 {
   "Year": 2020,
   "Organization": "NHS ENGLAND NORTH EAST AND YORKSHIRE ",
   "Attendance": 2752006
 },
 {
   "Year": 2020,
   "Organization": "NHS ENGLAND NORTH WEST ",
   "Attendance": 2334396
 },
 {
   "Year": 2020,
   "Organization": "NHS ENGLAND SOUTH EAST ",
   "Attendance": 2353876
 },
 {
   "Year": 2020,
   "Organization": "NHS ENGLAND SOUTH WEST ",
   "Attendance": 1351900
 },
 {
   "Year": 2021,
   "Organization": "NHS ENGLAND EAST OF ENGLAND ",
   "Attendance": 1741355
 },
 {
   "Year": 2021,
   "Organization": "NHS ENGLAND LONDON",
   "Attendance": 2337572
 },
 {
   "Year": 2021,
   "Organization": "NHS ENGLAND MIDLANDS ",
   "Attendance": 3003066
 },
 {
   "Year": 2021,
   "Organization": "NHS ENGLAND NORTH EAST AND YORKSHIRE ",
   "Attendance": 2335148
 },
 {
   "Year": 2021,
   "Organization": "NHS ENGLAND NORTH WEST ",
   "Attendance": 2757406
 },
 {
   "Year": 2021,
   "Organization": "NHS ENGLAND SOUTH EAST ",
   "Attendance": 2600057
 },
 {
   "Year": 2021,
   "Organization": "NHS ENGLAND SOUTH WEST ",
   "Attendance": 1343510
 },
 {
   "Year": 2022,
   "Organization": "NHS ENGLAND EAST OF ENGLAND ",
   "Attendance": 2342151
 },
 {
   "Year": 2022,
   "Organization": "NHS ENGLAND LONDON",
   "Attendance": 2749482
 },
 {
   "Year": 2022,
   "Organization": "NHS ENGLAND MIDLANDS ",
   "Attendance": 2998836
 },
 {
   "Year": 2022,
   "Organization": "NHS ENGLAND NORTH EAST AND YORKSHIRE ",
   "Attendance": 1743953
 },
 {
   "Year": 2022,
   "Organization": "NHS ENGLAND NORTH WEST ",
   "Attendance": 2590401
 },
 {
   "Year": 2022,
   "Organization": "NHS ENGLAND SOUTH EAST ",
   "Attendance": 2331179
 },
 {
   "Year": 2022,
   "Organization": "NHS ENGLAND SOUTH WEST ",
   "Attendance": 1342630
 },
 {
   "Year": 2023,
   "Organization": "NHS ENGLAND EAST OF ENGLAND ",
   "Attendance": 2744702
 },
 {
   "Year": 2023,
   "Organization": "NHS ENGLAND LONDON",
   "Attendance": 1744389
 },
 {
   "Year": 2023,
   "Organization": "NHS ENGLAND MIDLANDS ",
   "Attendance": 2596936
 },
 {
   "Year": 2023,
   "Organization": "NHS ENGLAND NORTH EAST AND YORKSHIRE ",
   "Attendance": 2979068
 },
 {
   "Year": 2023,
   "Organization": "NHS ENGLAND NORTH WEST ",
   "Attendance": 2335227
 },
 {
   "Year": 2023,
   "Organization": "NHS ENGLAND SOUTH EAST ",
   "Attendance": 1346872
 },
 {
   "Year": 2023,
   "Organization": "NHS ENGLAND SOUTH WEST ",
   "Attendance": 2341374
 }
]