[
 {
   "OrgCode": "AJN",
   "Year": 2010,
   "OrgName": "WORKINGTON HEALTH LIMITED",
   "TotalAdmissions": 70936
 },
 {
   "OrgCode": "AJN",
   "Year": 2011,
   "OrgName": "WORKINGTON HEALTH LIMITED",
   "TotalAdmissions": 69866
 },
 {
   "OrgCode": "AJN",
   "Year": 2012,
   "OrgName": "WORKINGTON HEALTH LIMITED",
   "TotalAdmissions": 64905
 },
 {
   "OrgCode": "AJN",
   "Year": 2013,
   "OrgName": "WORKINGTON HEALTH LIMITED",
   "TotalAdmissions": 78860
 },
 {
   "OrgCode": "AJN",
   "Year": 2014,
   "OrgName": "WORKINGTON HEALTH LIMITED",
   "TotalAdmissions": 58225
 },
 {
   "OrgCode": "AJN",
   "Year": 2015,
   "OrgName": "WORKINGTON HEALTH LIMITED",
   "TotalAdmissions": 47703
 },
 {
   "OrgCode": "AJN",
   "Year": 2016,
   "OrgName": "WORKINGTON HEALTH LIMITED",
   "TotalAdmissions": 76632
 },
 {
   "OrgCode": "AJN",
   "Year": 2017,
   "OrgName": "WORKINGTON HEALTH LIMITED",
   "TotalAdmissions": 65831
 },
 {
   "OrgCode": "AJN",
   "Year": 2018,
   "OrgName": "WORKINGTON HEALTH LIMITED",
   "TotalAdmissions": 71173
 },
 {
   "OrgCode": "AJN",
   "Year": 2019,
   "OrgName": "WORKINGTON HEALTH LIMITED",
   "TotalAdmissions": 61171
 },
 {
   "OrgCode": "AJN",
   "Year": 2020,
   "OrgName": "WORKINGTON HEALTH LIMITED",
   "TotalAdmissions": 48790
 },
 {
   "OrgCode": "AJN",
   "Year": 2021,
   "OrgName": "WORKINGTON HEALTH LIMITED",
   "TotalAdmissions": 49037
 },
 {
   "OrgCode": "AJN",
   "Year": 2022,
   "OrgName": "WORKINGTON HEALTH LIMITED",
   "TotalAdmissions": 7605
 },
 {
   "OrgCode": "ARN03",
   "Year": 2010,
   "OrgName": "LOCAL CARE DIRECT",
   "TotalAdmissions": 54904
 },
 {
   "OrgCode": "ARN04",
   "Year": 2011,
   "OrgName": "LOCAL CARE DIRECT",
   "TotalAdmissions": 56819
 },
 {
   "OrgCode": "ARN05",
   "Year": 2012,
   "OrgName": "LOCAL CARE DIRECT",
   "TotalAdmissions": 51806
 },
 {
   "OrgCode": "ARN06",
   "Year": 2013,
   "OrgName": "LOCAL CARE DIRECT",
   "TotalAdmissions": 63573
 },
 {
   "OrgCode": "ARN07",
   "Year": 2014,
   "OrgName": "LOCAL CARE DIRECT",
   "TotalAdmissions": 79902
 },
 {
   "OrgCode": "ARN08",
   "Year": 2015,
   "OrgName": "LOCAL CARE DIRECT",
   "TotalAdmissions": 70053
 },
 {
   "OrgCode": "ARN09",
   "Year": 2016,
   "OrgName": "LOCAL CARE DIRECT",
   "TotalAdmissions": 72264
 },
 {
   "OrgCode": "ARN10",
   "Year": 2017,
   "OrgName": "LOCAL CARE DIRECT",
   "TotalAdmissions": 66065
 },
 {
   "OrgCode": "ARN11",
   "Year": 2018,
   "OrgName": "LOCAL CARE DIRECT",
   "TotalAdmissions": 71786
 },
 {
   "OrgCode": "ARN12",
   "Year": 2019,
   "OrgName": "LOCAL CARE DIRECT",
   "TotalAdmissions": 88791
 },
 {
   "OrgCode": "ARN13",
   "Year": 2020,
   "OrgName": "LOCAL CARE DIRECT",
   "TotalAdmissions": 48653
 },
 {
   "OrgCode": "ARN14",
   "Year": 2021,
   "OrgName": "LOCAL CARE DIRECT",
   "TotalAdmissions": 58022
 },
 {
   "OrgCode": "ARN15",
   "Year": 2022,
   "OrgName": "LOCAL CARE DIRECT",
   "TotalAdmissions": 14434
 },
 {
   "OrgCode": "NNF09",
   "Year": 2010,
   "OrgName": "BRANSHOLME HEALTH CENTRE",
   "TotalAdmissions": 109681
 },
 {
   "OrgCode": "NNF10",
   "Year": 2011,
   "OrgName": "BRANSHOLME HEALTH CENTRE",
   "TotalAdmissions": 69916
 },
 {
   "OrgCode": "NNF11",
   "Year": 2012,
   "OrgName": "BRANSHOLME HEALTH CENTRE",
   "TotalAdmissions": 90391
 },
 {
   "OrgCode": "NNF12",
   "Year": 2013,
   "OrgName": "BRANSHOLME HEALTH CENTRE",
   "TotalAdmissions": 89209
 },
 {
   "OrgCode": "NNF13",
   "Year": 2014,
   "OrgName": "BRANSHOLME HEALTH CENTRE",
   "TotalAdmissions": 91027
 },
 {
   "OrgCode": "NNF14",
   "Year": 2015,
   "OrgName": "BRANSHOLME HEALTH CENTRE",
   "TotalAdmissions": 93949
 },
 {
   "OrgCode": "NNF15",
   "Year": 2016,
   "OrgName": "BRANSHOLME HEALTH CENTRE",
   "TotalAdmissions": 69068
 },
 {
   "OrgCode": "NNF16",
   "Year": 2017,
   "OrgName": "BRANSHOLME HEALTH CENTRE",
   "TotalAdmissions": 69206
 },
 {
   "OrgCode": "NNF17",
   "Year": 2018,
   "OrgName": "BRANSHOLME HEALTH CENTRE",
   "TotalAdmissions": 147489
 },
 {
   "OrgCode": "NNF18",
   "Year": 2019,
   "OrgName": "BRANSHOLME HEALTH CENTRE",
   "TotalAdmissions": 78906
 },
 {
   "OrgCode": "NNF19",
   "Year": 2020,
   "OrgName": "BRANSHOLME HEALTH CENTRE",
   "TotalAdmissions": 86385
 },
 {
   "OrgCode": "NNF20",
   "Year": 2021,
   "OrgName": "BRANSHOLME HEALTH CENTRE",
   "TotalAdmissions": 121209
 },
 {
   "OrgCode": "NNF21",
   "Year": 2022,
   "OrgName": "BRANSHOLME HEALTH CENTRE",
   "TotalAdmissions": 15411
 },
 {
   "OrgCode": "NNF76",
   "Year": 2010,
   "OrgName": "THE WILBERFORCE HEALTH CENTRE",
   "TotalAdmissions": 67018
 },
 {
   "OrgCode": "NNF77",
   "Year": 2011,
   "OrgName": "THE WILBERFORCE HEALTH CENTRE",
   "TotalAdmissions": 87805
 },
 {
   "OrgCode": "NNF78",
   "Year": 2012,
   "OrgName": "THE WILBERFORCE HEALTH CENTRE",
   "TotalAdmissions": 86353
 },
 {
   "OrgCode": "NNF79",
   "Year": 2013,
   "OrgName": "THE WILBERFORCE HEALTH CENTRE",
   "TotalAdmissions": 69871
 },
 {
   "OrgCode": "NNF80",
   "Year": 2014,
   "OrgName": "THE WILBERFORCE HEALTH CENTRE",
   "TotalAdmissions": 57767
 },
 {
   "OrgCode": "NNF81",
   "Year": 2015,
   "OrgName": "THE WILBERFORCE HEALTH CENTRE",
   "TotalAdmissions": 90452
 },
 {
   "OrgCode": "NNF82",
   "Year": 2016,
   "OrgName": "THE WILBERFORCE HEALTH CENTRE",
   "TotalAdmissions": 98043
 },
 {
   "OrgCode": "NNF83",
   "Year": 2017,
   "OrgName": "THE WILBERFORCE HEALTH CENTRE",
   "TotalAdmissions": 90910
 },
 {
   "OrgCode": "NNF84",
   "Year": 2018,
   "OrgName": "THE WILBERFORCE HEALTH CENTRE",
   "TotalAdmissions": 85433
 },
 {
   "OrgCode": "NNF85",
   "Year": 2019,
   "OrgName": "THE WILBERFORCE HEALTH CENTRE",
   "TotalAdmissions": 100722
 },
 {
   "OrgCode": "NNF86",
   "Year": 2020,
   "OrgName": "THE WILBERFORCE HEALTH CENTRE",
   "TotalAdmissions": 94070
 },
 {
   "OrgCode": "NNF87",
   "Year": 2021,
   "OrgName": "THE WILBERFORCE HEALTH CENTRE",
   "TotalAdmissions": 66458
 },
 {
   "OrgCode": "NNF88",
   "Year": 2022,
   "OrgName": "THE WILBERFORCE HEALTH CENTRE",
   "TotalAdmissions": 8491
 },
 {
   "OrgCode": "NNF94",
   "Year": 2010,
   "OrgName": "EAST RIDING COMMUNITY HOSPITAL",
   "TotalAdmissions": 93194
 },
 {
   "OrgCode": "NNF95",
   "Year": 2011,
   "OrgName": "EAST RIDING COMMUNITY HOSPITAL",
   "TotalAdmissions": 62878
 },
 {
   "OrgCode": "NNF96",
   "Year": 2012,
   "OrgName": "EAST RIDING COMMUNITY HOSPITAL",
   "TotalAdmissions": 54449
 },
 {
   "OrgCode": "NNF97",
   "Year": 2013,
   "OrgName": "EAST RIDING COMMUNITY HOSPITAL",
   "TotalAdmissions": 68724
 },
 {
   "OrgCode": "NNF98",
   "Year": 2014,
   "OrgName": "EAST RIDING COMMUNITY HOSPITAL",
   "TotalAdmissions": 72133
 },
 {
   "OrgCode": "NNF99",
   "Year": 2015,
   "OrgName": "EAST RIDING COMMUNITY HOSPITAL",
   "TotalAdmissions": 84174
 },
 {
   "OrgCode": "NNF100",
   "Year": 2016,
   "OrgName": "EAST RIDING COMMUNITY HOSPITAL",
   "TotalAdmissions": 87288
 },
 {
   "OrgCode": "NNF101",
   "Year": 2017,
   "OrgName": "EAST RIDING COMMUNITY HOSPITAL",
   "TotalAdmissions": 99915
 },
 {
   "OrgCode": "NNF102",
   "Year": 2018,
   "OrgName": "EAST RIDING COMMUNITY HOSPITAL",
   "TotalAdmissions": 103460
 },
 {
   "OrgCode": "NNF103",
   "Year": 2019,
   "OrgName": "EAST RIDING COMMUNITY HOSPITAL",
   "TotalAdmissions": 68137
 },
 {
   "OrgCode": "NNF104",
   "Year": 2020,
   "OrgName": "EAST RIDING COMMUNITY HOSPITAL",
   "TotalAdmissions": 58175
 },
 {
   "OrgCode": "NNF105",
   "Year": 2021,
   "OrgName": "EAST RIDING COMMUNITY HOSPITAL",
   "TotalAdmissions": 46553
 },
 {
   "OrgCode": "NNF106",
   "Year": 2022,
   "OrgName": "EAST RIDING COMMUNITY HOSPITAL",
   "TotalAdmissions": 9901
 },
 {
   "OrgCode": "NNFA7",
   "Year": 2010,
   "OrgName": "GOOLE & DISTRICT HOSPITAL",
   "TotalAdmissions": 53693
 },
 {
   "OrgCode": "NNFA8",
   "Year": 2011,
   "OrgName": "GOOLE & DISTRICT HOSPITAL",
   "TotalAdmissions": 74047
 },
 {
   "OrgCode": "NNFA9",
   "Year": 2012,
   "OrgName": "GOOLE & DISTRICT HOSPITAL",
   "TotalAdmissions": 92443
 },
 {
   "OrgCode": "NNFA10",
   "Year": 2013,
   "OrgName": "GOOLE & DISTRICT HOSPITAL",
   "TotalAdmissions": 75472
 },
 {
   "OrgCode": "NNFA11",
   "Year": 2014,
   "OrgName": "GOOLE & DISTRICT HOSPITAL",
   "TotalAdmissions": 66408
 },
 {
   "OrgCode": "NNFA12",
   "Year": 2015,
   "OrgName": "GOOLE & DISTRICT HOSPITAL",
   "TotalAdmissions": 49174
 },
 {
   "OrgCode": "NNFA13",
   "Year": 2016,
   "OrgName": "GOOLE & DISTRICT HOSPITAL",
   "TotalAdmissions": 61286
 },
 {
   "OrgCode": "NNFA14",
   "Year": 2017,
   "OrgName": "GOOLE & DISTRICT HOSPITAL",
   "TotalAdmissions": 71272
 },
 {
   "OrgCode": "NNFA15",
   "Year": 2018,
   "OrgName": "GOOLE & DISTRICT HOSPITAL",
   "TotalAdmissions": 39420
 },
 {
   "OrgCode": "NNFA16",
   "Year": 2019,
   "OrgName": "GOOLE & DISTRICT HOSPITAL",
   "TotalAdmissions": 65241
 },
 {
   "OrgCode": "NNFA17",
   "Year": 2020,
   "OrgName": "GOOLE & DISTRICT HOSPITAL",
   "TotalAdmissions": 49823
 },
 {
   "OrgCode": "NNFA18",
   "Year": 2021,
   "OrgName": "GOOLE & DISTRICT HOSPITAL",
   "TotalAdmissions": 99558
 },
 {
   "OrgCode": "NNFA19",
   "Year": 2022,
   "OrgName": "GOOLE & DISTRICT HOSPITAL",
   "TotalAdmissions": 15734
 },
 {
   "OrgCode": "R0B",
   "Year": 2010,
   "OrgName": "SOUTH TYNESIDE AND SUNDERLAND NHS FOUNDATION TRUST",
   "TotalAdmissions": 221215
 },
 {
   "OrgCode": "R0B",
   "Year": 2011,
   "OrgName": "SOUTH TYNESIDE AND SUNDERLAND NHS FOUNDATION TRUST",
   "TotalAdmissions": 250970
 },
 {
   "OrgCode": "R0B",
   "Year": 2012,
   "OrgName": "SOUTH TYNESIDE AND SUNDERLAND NHS FOUNDATION TRUST",
   "TotalAdmissions": 248202
 },
 {
   "OrgCode": "R0B",
   "Year": 2013,
   "OrgName": "SOUTH TYNESIDE AND SUNDERLAND NHS FOUNDATION TRUST",
   "TotalAdmissions": 241180
 },
 {
   "OrgCode": "R0B",
   "Year": 2014,
   "OrgName": "SOUTH TYNESIDE AND SUNDERLAND NHS FOUNDATION TRUST",
   "TotalAdmissions": 258112
 },
 {
   "OrgCode": "R0B",
   "Year": 2015,
   "OrgName": "SOUTH TYNESIDE AND SUNDERLAND NHS FOUNDATION TRUST",
   "TotalAdmissions": 239299
 },
 {
   "OrgCode": "R0B",
   "Year": 2016,
   "OrgName": "SOUTH TYNESIDE AND SUNDERLAND NHS FOUNDATION TRUST",
   "TotalAdmissions": 225438
 },
 {
   "OrgCode": "R0B",
   "Year": 2017,
   "OrgName": "SOUTH TYNESIDE AND SUNDERLAND NHS FOUNDATION TRUST",
   "TotalAdmissions": 223336
 },
 {
   "OrgCode": "R0B",
   "Year": 2018,
   "OrgName": "SOUTH TYNESIDE AND SUNDERLAND NHS FOUNDATION TRUST",
   "TotalAdmissions": 234101
 },
 {
   "OrgCode": "R0B",
   "Year": 2019,
   "OrgName": "SOUTH TYNESIDE AND SUNDERLAND NHS FOUNDATION TRUST",
   "TotalAdmissions": 223853
 },
 {
   "OrgCode": "R0B",
   "Year": 2020,
   "OrgName": "SOUTH TYNESIDE AND SUNDERLAND NHS FOUNDATION TRUST",
   "TotalAdmissions": 234747
 },
 {
   "OrgCode": "R0B",
   "Year": 2021,
   "OrgName": "SOUTH TYNESIDE AND SUNDERLAND NHS FOUNDATION TRUST",
   "TotalAdmissions": 248781
 },
 {
   "OrgCode": "R0B",
   "Year": 2022,
   "OrgName": "SOUTH TYNESIDE AND SUNDERLAND NHS FOUNDATION TRUST",
   "TotalAdmissions": 63242
 },
 {
   "OrgCode": "RAE",
   "Year": 2010,
   "OrgName": "BRADFORD TEACHING HOSPITALS NHS FOUNDATION TRUST",
   "TotalAdmissions": 150765
 },
 {
   "OrgCode": "RAE",
   "Year": 2011,
   "OrgName": "BRADFORD TEACHING HOSPITALS NHS FOUNDATION TRUST",
   "TotalAdmissions": 203340
 },
 {
   "OrgCode": "RAE",
   "Year": 2012,
   "OrgName": "BRADFORD TEACHING HOSPITALS NHS FOUNDATION TRUST",
   "TotalAdmissions": 150817
 },
 {
   "OrgCode": "RAE",
   "Year": 2013,
   "OrgName": "BRADFORD TEACHING HOSPITALS NHS FOUNDATION TRUST",
   "TotalAdmissions": 180310
 },
 {
   "OrgCode": "RAE",
   "Year": 2014,
   "OrgName": "BRADFORD TEACHING HOSPITALS NHS FOUNDATION TRUST",
   "TotalAdmissions": 151991
 },
 {
   "OrgCode": "RAE",
   "Year": 2015,
   "OrgName": "BRADFORD TEACHING HOSPITALS NHS FOUNDATION TRUST",
   "TotalAdmissions": 200732
 },
 {
   "OrgCode": "RAE",
   "Year": 2016,
   "OrgName": "BRADFORD TEACHING HOSPITALS NHS FOUNDATION TRUST",
   "TotalAdmissions": 196867
 },
 {
   "OrgCode": "RAE",
   "Year": 2017,
   "OrgName": "BRADFORD TEACHING HOSPITALS NHS FOUNDATION TRUST",
   "TotalAdmissions": 185241
 },
 {
   "OrgCode": "RAE",
   "Year": 2018,
   "OrgName": "BRADFORD TEACHING HOSPITALS NHS FOUNDATION TRUST",
   "TotalAdmissions": 181585
 },
 {
   "OrgCode": "RAE",
   "Year": 2019,
   "OrgName": "BRADFORD TEACHING HOSPITALS NHS FOUNDATION TRUST",
   "TotalAdmissions": 156270
 },
 {
   "OrgCode": "RAE",
   "Year": 2020,
   "OrgName": "BRADFORD TEACHING HOSPITALS NHS FOUNDATION TRUST",
   "TotalAdmissions": 178033
 },
 {
   "OrgCode": "RAE",
   "Year": 2021,
   "OrgName": "BRADFORD TEACHING HOSPITALS NHS FOUNDATION TRUST",
   "TotalAdmissions": 153224
 },
 {
   "OrgCode": "RAE",
   "Year": 2022,
   "OrgName": "BRADFORD TEACHING HOSPITALS NHS FOUNDATION TRUST",
   "TotalAdmissions": 43510
 },
 {
   "OrgCode": "RCB",
   "Year": 2010,
   "OrgName": "YORK AND SCARBOROUGH TEACHING HOSPITALS NHS FOUNDATION TRUST",
   "TotalAdmissions": 269954
 },
 {
   "OrgCode": "RCB",
   "Year": 2011,
   "OrgName": "YORK AND SCARBOROUGH TEACHING HOSPITALS NHS FOUNDATION TRUST",
   "TotalAdmissions": 242265
 },
 {
   "OrgCode": "RCB",
   "Year": 2012,
   "OrgName": "YORK AND SCARBOROUGH TEACHING HOSPITALS NHS FOUNDATION TRUST",
   "TotalAdmissions": 223298
 },
 {
   "OrgCode": "RCB",
   "Year": 2013,
   "OrgName": "YORK AND SCARBOROUGH TEACHING HOSPITALS NHS FOUNDATION TRUST",
   "TotalAdmissions": 238070
 },
 {
   "OrgCode": "RCB",
   "Year": 2014,
   "OrgName": "YORK AND SCARBOROUGH TEACHING HOSPITALS NHS FOUNDATION TRUST",
   "TotalAdmissions": 232606
 },
 {
   "OrgCode": "RCB",
   "Year": 2015,
   "OrgName": "YORK AND SCARBOROUGH TEACHING HOSPITALS NHS FOUNDATION TRUST",
   "TotalAdmissions": 227484
 },
 {
   "OrgCode": "RCB",
   "Year": 2016,
   "OrgName": "YORK AND SCARBOROUGH TEACHING HOSPITALS NHS FOUNDATION TRUST",
   "TotalAdmissions": 251528
 },
 {
   "OrgCode": "RCB",
   "Year": 2017,
   "OrgName": "YORK AND SCARBOROUGH TEACHING HOSPITALS NHS FOUNDATION TRUST",
   "TotalAdmissions": 255057
 },
 {
   "OrgCode": "RCB",
   "Year": 2018,
   "OrgName": "YORK AND SCARBOROUGH TEACHING HOSPITALS NHS FOUNDATION TRUST",
   "TotalAdmissions": 231472
 },
 {
   "OrgCode": "RCB",
   "Year": 2019,
   "OrgName": "YORK AND SCARBOROUGH TEACHING HOSPITALS NHS FOUNDATION TRUST",
   "TotalAdmissions": 245367
 },
 {
   "OrgCode": "RCB",
   "Year": 2020,
   "OrgName": "YORK AND SCARBOROUGH TEACHING HOSPITALS NHS FOUNDATION TRUST",
   "TotalAdmissions": 243788
 },
 {
   "OrgCode": "RCB",
   "Year": 2021,
   "OrgName": "YORK AND SCARBOROUGH TEACHING HOSPITALS NHS FOUNDATION TRUST",
   "TotalAdmissions": 263905
 },
 {
   "OrgCode": "RCB",
   "Year": 2022,
   "OrgName": "YORK AND SCARBOROUGH TEACHING HOSPITALS NHS FOUNDATION TRUST",
   "TotalAdmissions": 72839
 },
 {
   "OrgCode": "RCD",
   "Year": 2010,
   "OrgName": "HARROGATE AND DISTRICT NHS FOUNDATION TRUST",
   "TotalAdmissions": 86491
 },
 {
   "OrgCode": "RCD",
   "Year": 2011,
   "OrgName": "HARROGATE AND DISTRICT NHS FOUNDATION TRUST",
   "TotalAdmissions": 89357
 },
 {
   "OrgCode": "RCD",
   "Year": 2012,
   "OrgName": "HARROGATE AND DISTRICT NHS FOUNDATION TRUST",
   "TotalAdmissions": 82304
 },
 {
   "OrgCode": "RCD",
   "Year": 2013,
   "OrgName": "HARROGATE AND DISTRICT NHS FOUNDATION TRUST",
   "TotalAdmissions": 111956
 },
 {
   "OrgCode": "RCD",
   "Year": 2014,
   "OrgName": "HARROGATE AND DISTRICT NHS FOUNDATION TRUST",
   "TotalAdmissions": 91898
 },
 {
   "OrgCode": "RCD",
   "Year": 2015,
   "OrgName": "HARROGATE AND DISTRICT NHS FOUNDATION TRUST",
   "TotalAdmissions": 106276
 },
 {
   "OrgCode": "RCD",
   "Year": 2016,
   "OrgName": "HARROGATE AND DISTRICT NHS FOUNDATION TRUST",
   "TotalAdmissions": 111001
 },
 {
   "OrgCode": "RCD",
   "Year": 2017,
   "OrgName": "HARROGATE AND DISTRICT NHS FOUNDATION TRUST",
   "TotalAdmissions": 119228
 },
 {
   "OrgCode": "RCD",
   "Year": 2018,
   "OrgName": "HARROGATE AND DISTRICT NHS FOUNDATION TRUST",
   "TotalAdmissions": 102693
 },
 {
   "OrgCode": "RCD",
   "Year": 2019,
   "OrgName": "HARROGATE AND DISTRICT NHS FOUNDATION TRUST",
   "TotalAdmissions": 116544
 },
 {
   "OrgCode": "RCD",
   "Year": 2020,
   "OrgName": "HARROGATE AND DISTRICT NHS FOUNDATION TRUST",
   "TotalAdmissions": 101103
 },
 {
   "OrgCode": "RCD",
   "Year": 2021,
   "OrgName": "HARROGATE AND DISTRICT NHS FOUNDATION TRUST",
   "TotalAdmissions": 86077
 },
 {
   "OrgCode": "RCD",
   "Year": 2022,
   "OrgName": "HARROGATE AND DISTRICT NHS FOUNDATION TRUST",
   "TotalAdmissions": 19848
 },
 {
   "OrgCode": "RCF",
   "Year": 2010,
   "OrgName": "AIREDALE NHS FOUNDATION TRUST",
   "TotalAdmissions": 114420
 },
 {
   "OrgCode": "RCF",
   "Year": 2011,
   "OrgName": "AIREDALE NHS FOUNDATION TRUST",
   "TotalAdmissions": 102993
 },
 {
   "OrgCode": "RCF",
   "Year": 2012,
   "OrgName": "AIREDALE NHS FOUNDATION TRUST",
   "TotalAdmissions": 108357
 },
 {
   "OrgCode": "RCF",
   "Year": 2013,
   "OrgName": "AIREDALE NHS FOUNDATION TRUST",
   "TotalAdmissions": 110555
 },
 {
   "OrgCode": "RCF",
   "Year": 2014,
   "OrgName": "AIREDALE NHS FOUNDATION TRUST",
   "TotalAdmissions": 111898
 },
 {
   "OrgCode": "RCF",
   "Year": 2015,
   "OrgName": "AIREDALE NHS FOUNDATION TRUST",
   "TotalAdmissions": 125165
 },
 {
   "OrgCode": "RCF",
   "Year": 2016,
   "OrgName": "AIREDALE NHS FOUNDATION TRUST",
   "TotalAdmissions": 92293
 },
 {
   "OrgCode": "RCF",
   "Year": 2017,
   "OrgName": "AIREDALE NHS FOUNDATION TRUST",
   "TotalAdmissions": 94978
 },
 {
   "OrgCode": "RCF",
   "Year": 2018,
   "OrgName": "AIREDALE NHS FOUNDATION TRUST",
   "TotalAdmissions": 114106
 },
 {
   "OrgCode": "RCF",
   "Year": 2019,
   "OrgName": "AIREDALE NHS FOUNDATION TRUST",
   "TotalAdmissions": 129612
 },
 {
   "OrgCode": "RCF",
   "Year": 2020,
   "OrgName": "AIREDALE NHS FOUNDATION TRUST",
   "TotalAdmissions": 109596
 },
 {
   "OrgCode": "RCF",
   "Year": 2021,
   "OrgName": "AIREDALE NHS FOUNDATION TRUST",
   "TotalAdmissions": 93000
 },
 {
   "OrgCode": "RCF",
   "Year": 2022,
   "OrgName": "AIREDALE NHS FOUNDATION TRUST",
   "TotalAdmissions": 22685
 },
 {
   "OrgCode": "RCU",
   "Year": 2010,
   "OrgName": "SHEFFIELD CHILDREN'S NHS FOUNDATION TRUST",
   "TotalAdmissions": 89995
 },
 {
   "OrgCode": "RCU",
   "Year": 2011,
   "OrgName": "SHEFFIELD CHILDREN'S NHS FOUNDATION TRUST",
   "TotalAdmissions": 116818
 },
 {
   "OrgCode": "RCU",
   "Year": 2012,
   "OrgName": "SHEFFIELD CHILDREN'S NHS FOUNDATION TRUST",
   "TotalAdmissions": 93465
 },
 {
   "OrgCode": "RCU",
   "Year": 2013,
   "OrgName": "SHEFFIELD CHILDREN'S NHS FOUNDATION TRUST",
   "TotalAdmissions": 102413
 },
 {
   "OrgCode": "RCU",
   "Year": 2014,
   "OrgName": "SHEFFIELD CHILDREN'S NHS FOUNDATION TRUST",
   "TotalAdmissions": 88439
 },
 {
   "OrgCode": "RCU",
   "Year": 2015,
   "OrgName": "SHEFFIELD CHILDREN'S NHS FOUNDATION TRUST",
   "TotalAdmissions": 108449
 },
 {
   "OrgCode": "RCU",
   "Year": 2016,
   "OrgName": "SHEFFIELD CHILDREN'S NHS FOUNDATION TRUST",
   "TotalAdmissions": 118728
 },
 {
   "OrgCode": "RCU",
   "Year": 2017,
   "OrgName": "SHEFFIELD CHILDREN'S NHS FOUNDATION TRUST",
   "TotalAdmissions": 89677
 },
 {
   "OrgCode": "RCU",
   "Year": 2018,
   "OrgName": "SHEFFIELD CHILDREN'S NHS FOUNDATION TRUST",
   "TotalAdmissions": 106511
 },
 {
   "OrgCode": "RCU",
   "Year": 2019,
   "OrgName": "SHEFFIELD CHILDREN'S NHS FOUNDATION TRUST",
   "TotalAdmissions": 128662
 },
 {
   "OrgCode": "RCU",
   "Year": 2020,
   "OrgName": "SHEFFIELD CHILDREN'S NHS FOUNDATION TRUST",
   "TotalAdmissions": 98833
 },
 {
   "OrgCode": "RCU",
   "Year": 2021,
   "OrgName": "SHEFFIELD CHILDREN'S NHS FOUNDATION TRUST",
   "TotalAdmissions": 79517
 },
 {
   "OrgCode": "RCU",
   "Year": 2022,
   "OrgName": "SHEFFIELD CHILDREN'S NHS FOUNDATION TRUST",
   "TotalAdmissions": 8479
 },
 {
   "OrgCode": "RFF",
   "Year": 2010,
   "OrgName": "BARNSLEY HOSPITAL NHS FOUNDATION TRUST",
   "TotalAdmissions": 130181
 },
 {
   "OrgCode": "RFF",
   "Year": 2011,
   "OrgName": "BARNSLEY HOSPITAL NHS FOUNDATION TRUST",
   "TotalAdmissions": 79143
 },
 {
   "OrgCode": "RFF",
   "Year": 2012,
   "OrgName": "BARNSLEY HOSPITAL NHS FOUNDATION TRUST",
   "TotalAdmissions": 132014
 },
 {
   "OrgCode": "RFF",
   "Year": 2013,
   "OrgName": "BARNSLEY HOSPITAL NHS FOUNDATION TRUST",
   "TotalAdmissions": 163159
 },
 {
   "OrgCode": "RFF",
   "Year": 2014,
   "OrgName": "BARNSLEY HOSPITAL NHS FOUNDATION TRUST",
   "TotalAdmissions": 138144
 },
 {
   "OrgCode": "RFF",
   "Year": 2015,
   "OrgName": "BARNSLEY HOSPITAL NHS FOUNDATION TRUST",
   "TotalAdmissions": 106289
 },
 {
   "OrgCode": "RFF",
   "Year": 2016,
   "OrgName": "BARNSLEY HOSPITAL NHS FOUNDATION TRUST",
   "TotalAdmissions": 136318
 },
 {
   "OrgCode": "RFF",
   "Year": 2017,
   "OrgName": "BARNSLEY HOSPITAL NHS FOUNDATION TRUST",
   "TotalAdmissions": 153048
 },
 {
   "OrgCode": "RFF",
   "Year": 2018,
   "OrgName": "BARNSLEY HOSPITAL NHS FOUNDATION TRUST",
   "TotalAdmissions": 145704
 },
 {
   "OrgCode": "RFF",
   "Year": 2019,
   "OrgName": "BARNSLEY HOSPITAL NHS FOUNDATION TRUST",
   "TotalAdmissions": 130527
 },
 {
   "OrgCode": "RFF",
   "Year": 2020,
   "OrgName": "BARNSLEY HOSPITAL NHS FOUNDATION TRUST",
   "TotalAdmissions": 157236
 },
 {
   "OrgCode": "RFF",
   "Year": 2021,
   "OrgName": "BARNSLEY HOSPITAL NHS FOUNDATION TRUST",
   "TotalAdmissions": 144195
 },
 {
   "OrgCode": "RFF",
   "Year": 2022,
   "OrgName": "BARNSLEY HOSPITAL NHS FOUNDATION TRUST",
   "TotalAdmissions": 12856
 },
 {
   "OrgCode": "RFR",
   "Year": 2010,
   "OrgName": "THE ROTHERHAM NHS FOUNDATION TRUST",
   "TotalAdmissions": 125638
 },
 {
   "OrgCode": "RFR",
   "Year": 2011,
   "OrgName": "THE ROTHERHAM NHS FOUNDATION TRUST",
   "TotalAdmissions": 125226
 },
 {
   "OrgCode": "RFR",
   "Year": 2012,
   "OrgName": "THE ROTHERHAM NHS FOUNDATION TRUST",
   "TotalAdmissions": 84226
 },
 {
   "OrgCode": "RFR",
   "Year": 2013,
   "OrgName": "THE ROTHERHAM NHS FOUNDATION TRUST",
   "TotalAdmissions": 105113
 },
 {
   "OrgCode": "RFR",
   "Year": 2014,
   "OrgName": "THE ROTHERHAM NHS FOUNDATION TRUST",
   "TotalAdmissions": 113257
 },
 {
   "OrgCode": "RFR",
   "Year": 2015,
   "OrgName": "THE ROTHERHAM NHS FOUNDATION TRUST",
   "TotalAdmissions": 145799
 },
 {
   "OrgCode": "RFR",
   "Year": 2016,
   "OrgName": "THE ROTHERHAM NHS FOUNDATION TRUST",
   "TotalAdmissions": 116150
 },
 {
   "OrgCode": "RFR",
   "Year": 2017,
   "OrgName": "THE ROTHERHAM NHS FOUNDATION TRUST",
   "TotalAdmissions": 149722
 },
 {
   "OrgCode": "RFR",
   "Year": 2018,
   "OrgName": "THE ROTHERHAM NHS FOUNDATION TRUST",
   "TotalAdmissions": 116682
 },
 {
   "OrgCode": "RFR",
   "Year": 2019,
   "OrgName": "THE ROTHERHAM NHS FOUNDATION TRUST",
   "TotalAdmissions": 145738
 },
 {
   "OrgCode": "RFR",
   "Year": 2020,
   "OrgName": "THE ROTHERHAM NHS FOUNDATION TRUST",
   "TotalAdmissions": 107902
 },
 {
   "OrgCode": "RFR",
   "Year": 2021,
   "OrgName": "THE ROTHERHAM NHS FOUNDATION TRUST",
   "TotalAdmissions": 137692
 },
 {
   "OrgCode": "RFR",
   "Year": 2022,
   "OrgName": "THE ROTHERHAM NHS FOUNDATION TRUST",
   "TotalAdmissions": 32005
 },
 {
   "OrgCode": "RHQ",
   "Year": 2010,
   "OrgName": "SHEFFIELD TEACHING HOSPITALS NHS FOUNDATION TRUST",
   "TotalAdmissions": 213876
 },
 {
   "OrgCode": "RHQ",
   "Year": 2011,
   "OrgName": "SHEFFIELD TEACHING HOSPITALS NHS FOUNDATION TRUST",
   "TotalAdmissions": 215124
 },
 {
   "OrgCode": "RHQ",
   "Year": 2012,
   "OrgName": "SHEFFIELD TEACHING HOSPITALS NHS FOUNDATION TRUST",
   "TotalAdmissions": 217505
 },
 {
   "OrgCode": "RHQ",
   "Year": 2013,
   "OrgName": "SHEFFIELD TEACHING HOSPITALS NHS FOUNDATION TRUST",
   "TotalAdmissions": 234045
 },
 {
   "OrgCode": "RHQ",
   "Year": 2014,
   "OrgName": "SHEFFIELD TEACHING HOSPITALS NHS FOUNDATION TRUST",
   "TotalAdmissions": 207349
 },
 {
   "OrgCode": "RHQ",
   "Year": 2015,
   "OrgName": "SHEFFIELD TEACHING HOSPITALS NHS FOUNDATION TRUST",
   "TotalAdmissions": 222566
 },
 {
   "OrgCode": "RHQ",
   "Year": 2016,
   "OrgName": "SHEFFIELD TEACHING HOSPITALS NHS FOUNDATION TRUST",
   "TotalAdmissions": 251716
 },
 {
   "OrgCode": "RHQ",
   "Year": 2017,
   "OrgName": "SHEFFIELD TEACHING HOSPITALS NHS FOUNDATION TRUST",
   "TotalAdmissions": 238164
 },
 {
   "OrgCode": "RHQ",
   "Year": 2018,
   "OrgName": "SHEFFIELD TEACHING HOSPITALS NHS FOUNDATION TRUST",
   "TotalAdmissions": 206632
 },
 {
   "OrgCode": "RHQ",
   "Year": 2019,
   "OrgName": "SHEFFIELD TEACHING HOSPITALS NHS FOUNDATION TRUST",
   "TotalAdmissions": 251367
 },
 {
   "OrgCode": "RHQ",
   "Year": 2020,
   "OrgName": "SHEFFIELD TEACHING HOSPITALS NHS FOUNDATION TRUST",
   "TotalAdmissions": 210414
 },
 {
   "OrgCode": "RHQ",
   "Year": 2021,
   "OrgName": "SHEFFIELD TEACHING HOSPITALS NHS FOUNDATION TRUST",
   "TotalAdmissions": 204975
 },
 {
   "OrgCode": "RHQ",
   "Year": 2022,
   "OrgName": "SHEFFIELD TEACHING HOSPITALS NHS FOUNDATION TRUST",
   "TotalAdmissions": 56005
 },
 {
   "OrgCode": "RJL",
   "Year": 2010,
   "OrgName": "NORTHERN LINCOLNSHIRE AND GOOLE NHS FOUNDATION TRUST",
   "TotalAdmissions": 195274
 },
 {
   "OrgCode": "RJL",
   "Year": 2011,
   "OrgName": "NORTHERN LINCOLNSHIRE AND GOOLE NHS FOUNDATION TRUST",
   "TotalAdmissions": 180135
 },
 {
   "OrgCode": "RJL",
   "Year": 2012,
   "OrgName": "NORTHERN LINCOLNSHIRE AND GOOLE NHS FOUNDATION TRUST",
   "TotalAdmissions": 157576
 },
 {
   "OrgCode": "RJL",
   "Year": 2013,
   "OrgName": "NORTHERN LINCOLNSHIRE AND GOOLE NHS FOUNDATION TRUST",
   "TotalAdmissions": 192516
 },
 {
   "OrgCode": "RJL",
   "Year": 2014,
   "OrgName": "NORTHERN LINCOLNSHIRE AND GOOLE NHS FOUNDATION TRUST",
   "TotalAdmissions": 177992
 },
 {
   "OrgCode": "RJL",
   "Year": 2015,
   "OrgName": "NORTHERN LINCOLNSHIRE AND GOOLE NHS FOUNDATION TRUST",
   "TotalAdmissions": 187044
 },
 {
   "OrgCode": "RJL",
   "Year": 2016,
   "OrgName": "NORTHERN LINCOLNSHIRE AND GOOLE NHS FOUNDATION TRUST",
   "TotalAdmissions": 187163
 },
 {
   "OrgCode": "RJL",
   "Year": 2017,
   "OrgName": "NORTHERN LINCOLNSHIRE AND GOOLE NHS FOUNDATION TRUST",
   "TotalAdmissions": 179055
 },
 {
   "OrgCode": "RJL",
   "Year": 2018,
   "OrgName": "NORTHERN LINCOLNSHIRE AND GOOLE NHS FOUNDATION TRUST",
   "TotalAdmissions": 194264
 },
 {
   "OrgCode": "RJL",
   "Year": 2019,
   "OrgName": "NORTHERN LINCOLNSHIRE AND GOOLE NHS FOUNDATION TRUST",
   "TotalAdmissions": 201476
 },
 {
   "OrgCode": "RJL",
   "Year": 2020,
   "OrgName": "NORTHERN LINCOLNSHIRE AND GOOLE NHS FOUNDATION TRUST",
   "TotalAdmissions": 214611
 },
 {
   "OrgCode": "RJL",
   "Year": 2021,
   "OrgName": "NORTHERN LINCOLNSHIRE AND GOOLE NHS FOUNDATION TRUST",
   "TotalAdmissions": 180610
 },
 {
   "OrgCode": "RJL",
   "Year": 2022,
   "OrgName": "NORTHERN LINCOLNSHIRE AND GOOLE NHS FOUNDATION TRUST",
   "TotalAdmissions": 53128
 },
 {
   "OrgCode": "RNN",
   "Year": 2010,
   "OrgName": "NORTH CUMBRIA INTEGRATED CARE NHS FOUNDATION TRUST",
   "TotalAdmissions": 146986
 },
 {
   "OrgCode": "RNN",
   "Year": 2011,
   "OrgName": "NORTH CUMBRIA INTEGRATED CARE NHS FOUNDATION TRUST",
   "TotalAdmissions": 139876
 },
 {
   "OrgCode": "RNN",
   "Year": 2012,
   "OrgName": "NORTH CUMBRIA INTEGRATED CARE NHS FOUNDATION TRUST",
   "TotalAdmissions": 131979
 },
 {
   "OrgCode": "RNN",
   "Year": 2013,
   "OrgName": "NORTH CUMBRIA INTEGRATED CARE NHS FOUNDATION TRUST",
   "TotalAdmissions": 166606
 },
 {
   "OrgCode": "RNN",
   "Year": 2014,
   "OrgName": "NORTH CUMBRIA INTEGRATED CARE NHS FOUNDATION TRUST",
   "TotalAdmissions": 176987
 },
 {
   "OrgCode": "RNN",
   "Year": 2015,
   "OrgName": "NORTH CUMBRIA INTEGRATED CARE NHS FOUNDATION TRUST",
   "TotalAdmissions": 150475
 },
 {
   "OrgCode": "RNN",
   "Year": 2016,
   "OrgName": "NORTH CUMBRIA INTEGRATED CARE NHS FOUNDATION TRUST",
   "TotalAdmissions": 183921
 },
 {
   "OrgCode": "RNN",
   "Year": 2017,
   "OrgName": "NORTH CUMBRIA INTEGRATED CARE NHS FOUNDATION TRUST",
   "TotalAdmissions": 146173
 },
 {
   "OrgCode": "RNN",
   "Year": 2018,
   "OrgName": "NORTH CUMBRIA INTEGRATED CARE NHS FOUNDATION TRUST",
   "TotalAdmissions": 143636
 },
 {
   "OrgCode": "RNN",
   "Year": 2019,
   "OrgName": "NORTH CUMBRIA INTEGRATED CARE NHS FOUNDATION TRUST",
   "TotalAdmissions": 132735
 },
 {
   "OrgCode": "RNN",
   "Year": 2020,
   "OrgName": "NORTH CUMBRIA INTEGRATED CARE NHS FOUNDATION TRUST",
   "TotalAdmissions": 185942
 },
 {
   "OrgCode": "RNN",
   "Year": 2021,
   "OrgName": "NORTH CUMBRIA INTEGRATED CARE NHS FOUNDATION TRUST",
   "TotalAdmissions": 189452
 },
 {
   "OrgCode": "RNN",
   "Year": 2022,
   "OrgName": "NORTH CUMBRIA INTEGRATED CARE NHS FOUNDATION TRUST",
   "TotalAdmissions": 46618
 },
 {
   "OrgCode": "RP5",
   "Year": 2010,
   "OrgName": "DONCASTER AND BASSETLAW TEACHING HOSPITALS NHS FOUNDATION TRUST",
   "TotalAdmissions": 218766
 },
 {
   "OrgCode": "RP6",
   "Year": 2011,
   "OrgName": "DONCASTER AND BASSETLAW TEACHING HOSPITALS NHS FOUNDATION TRUST",
   "TotalAdmissions": 241267
 },
 {
   "OrgCode": "RP7",
   "Year": 2012,
   "OrgName": "DONCASTER AND BASSETLAW TEACHING HOSPITALS NHS FOUNDATION TRUST",
   "TotalAdmissions": 213997
 },
 {
   "OrgCode": "RP8",
   "Year": 2013,
   "OrgName": "DONCASTER AND BASSETLAW TEACHING HOSPITALS NHS FOUNDATION TRUST",
   "TotalAdmissions": 199393
 },
 {
   "OrgCode": "RP9",
   "Year": 2014,
   "OrgName": "DONCASTER AND BASSETLAW TEACHING HOSPITALS NHS FOUNDATION TRUST",
   "TotalAdmissions": 209204
 },
 {
   "OrgCode": "RP10",
   "Year": 2015,
   "OrgName": "DONCASTER AND BASSETLAW TEACHING HOSPITALS NHS FOUNDATION TRUST",
   "TotalAdmissions": 191012
 },
 {
   "OrgCode": "RP11",
   "Year": 2016,
   "OrgName": "DONCASTER AND BASSETLAW TEACHING HOSPITALS NHS FOUNDATION TRUST",
   "TotalAdmissions": 234259
 },
 {
   "OrgCode": "RP12",
   "Year": 2017,
   "OrgName": "DONCASTER AND BASSETLAW TEACHING HOSPITALS NHS FOUNDATION TRUST",
   "TotalAdmissions": 239994
 },
 {
   "OrgCode": "RP13",
   "Year": 2018,
   "OrgName": "DONCASTER AND BASSETLAW TEACHING HOSPITALS NHS FOUNDATION TRUST",
   "TotalAdmissions": 209318
 },
 {
   "OrgCode": "RP14",
   "Year": 2019,
   "OrgName": "DONCASTER AND BASSETLAW TEACHING HOSPITALS NHS FOUNDATION TRUST",
   "TotalAdmissions": 235095
 },
 {
   "OrgCode": "RP15",
   "Year": 2020,
   "OrgName": "DONCASTER AND BASSETLAW TEACHING HOSPITALS NHS FOUNDATION TRUST",
   "TotalAdmissions": 232667
 },
 {
   "OrgCode": "RP16",
   "Year": 2021,
   "OrgName": "DONCASTER AND BASSETLAW TEACHING HOSPITALS NHS FOUNDATION TRUST",
   "TotalAdmissions": 217859
 },
 {
   "OrgCode": "RP17",
   "Year": 2022,
   "OrgName": "DONCASTER AND BASSETLAW TEACHING HOSPITALS NHS FOUNDATION TRUST",
   "TotalAdmissions": 50119
 },
 {
   "OrgCode": "RR7",
   "Year": 2010,
   "OrgName": "GATESHEAD HEALTH NHS FOUNDATION TRUST",
   "TotalAdmissions": 127750
 },
 {
   "OrgCode": "RR8",
   "Year": 2011,
   "OrgName": "GATESHEAD HEALTH NHS FOUNDATION TRUST",
   "TotalAdmissions": 145061
 },
 {
   "OrgCode": "RR9",
   "Year": 2012,
   "OrgName": "GATESHEAD HEALTH NHS FOUNDATION TRUST",
   "TotalAdmissions": 133082
 },
 {
   "OrgCode": "RR10",
   "Year": 2013,
   "OrgName": "GATESHEAD HEALTH NHS FOUNDATION TRUST",
   "TotalAdmissions": 128099
 },
 {
   "OrgCode": "RR11",
   "Year": 2014,
   "OrgName": "GATESHEAD HEALTH NHS FOUNDATION TRUST",
   "TotalAdmissions": 124583
 },
 {
   "OrgCode": "RR12",
   "Year": 2015,
   "OrgName": "GATESHEAD HEALTH NHS FOUNDATION TRUST",
   "TotalAdmissions": 198347
 },
 {
   "OrgCode": "RR13",
   "Year": 2016,
   "OrgName": "GATESHEAD HEALTH NHS FOUNDATION TRUST",
   "TotalAdmissions": 146145
 },
 {
   "OrgCode": "RR14",
   "Year": 2017,
   "OrgName": "GATESHEAD HEALTH NHS FOUNDATION TRUST",
   "TotalAdmissions": 137305
 },
 {
   "OrgCode": "RR15",
   "Year": 2018,
   "OrgName": "GATESHEAD HEALTH NHS FOUNDATION TRUST",
   "TotalAdmissions": 151349
 },
 {
   "OrgCode": "RR16",
   "Year": 2019,
   "OrgName": "GATESHEAD HEALTH NHS FOUNDATION TRUST",
   "TotalAdmissions": 153250
 },
 {
   "OrgCode": "RR17",
   "Year": 2020,
   "OrgName": "GATESHEAD HEALTH NHS FOUNDATION TRUST",
   "TotalAdmissions": 116363
 },
 {
   "OrgCode": "RR18",
   "Year": 2021,
   "OrgName": "GATESHEAD HEALTH NHS FOUNDATION TRUST",
   "TotalAdmissions": 150304
 },
 {
   "OrgCode": "RR19",
   "Year": 2022,
   "OrgName": "GATESHEAD HEALTH NHS FOUNDATION TRUST",
   "TotalAdmissions": 20508
 },
 {
   "OrgCode": "RR8",
   "Year": 2010,
   "OrgName": "LEEDS TEACHING HOSPITALS NHS TRUST",
   "TotalAdmissions": 335324
 },
 {
   "OrgCode": "RR9",
   "Year": 2011,
   "OrgName": "LEEDS TEACHING HOSPITALS NHS TRUST",
   "TotalAdmissions": 385242
 },
 {
   "OrgCode": "RR10",
   "Year": 2012,
   "OrgName": "LEEDS TEACHING HOSPITALS NHS TRUST",
   "TotalAdmissions": 347382
 },
 {
   "OrgCode": "RR11",
   "Year": 2013,
   "OrgName": "LEEDS TEACHING HOSPITALS NHS TRUST",
   "TotalAdmissions": 357432
 },
 {
   "OrgCode": "RR12",
   "Year": 2014,
   "OrgName": "LEEDS TEACHING HOSPITALS NHS TRUST",
   "TotalAdmissions": 355774
 },
 {
   "OrgCode": "RR13",
   "Year": 2015,
   "OrgName": "LEEDS TEACHING HOSPITALS NHS TRUST",
   "TotalAdmissions": 367706
 },
 {
   "OrgCode": "RR14",
   "Year": 2016,
   "OrgName": "LEEDS TEACHING HOSPITALS NHS TRUST",
   "TotalAdmissions": 357101
 },
 {
   "OrgCode": "RR15",
   "Year": 2017,
   "OrgName": "LEEDS TEACHING HOSPITALS NHS TRUST",
   "TotalAdmissions": 394054
 },
 {
   "OrgCode": "RR16",
   "Year": 2018,
   "OrgName": "LEEDS TEACHING HOSPITALS NHS TRUST",
   "TotalAdmissions": 351322
 },
 {
   "OrgCode": "RR17",
   "Year": 2019,
   "OrgName": "LEEDS TEACHING HOSPITALS NHS TRUST",
   "TotalAdmissions": 359630
 },
 {
   "OrgCode": "RR18",
   "Year": 2020,
   "OrgName": "LEEDS TEACHING HOSPITALS NHS TRUST",
   "TotalAdmissions": 324900
 },
 {
   "OrgCode": "RR19",
   "Year": 2021,
   "OrgName": "LEEDS TEACHING HOSPITALS NHS TRUST",
   "TotalAdmissions": 346159
 },
 {
   "OrgCode": "RR20",
   "Year": 2022,
   "OrgName": "LEEDS TEACHING HOSPITALS NHS TRUST",
   "TotalAdmissions": 80826
 },
 {
   "OrgCode": "RTD",
   "Year": 2010,
   "OrgName": "THE NEWCASTLE UPON TYNE HOSPITALS NHS FOUNDATION TRUST",
   "TotalAdmissions": 238199
 },
 {
   "OrgCode": "RTD",
   "Year": 2011,
   "OrgName": "THE NEWCASTLE UPON TYNE HOSPITALS NHS FOUNDATION TRUST",
   "TotalAdmissions": 221346
 },
 {
   "OrgCode": "RTD",
   "Year": 2012,
   "OrgName": "THE NEWCASTLE UPON TYNE HOSPITALS NHS FOUNDATION TRUST",
   "TotalAdmissions": 201521
 },
 {
   "OrgCode": "RTD",
   "Year": 2013,
   "OrgName": "THE NEWCASTLE UPON TYNE HOSPITALS NHS FOUNDATION TRUST",
   "TotalAdmissions": 272625
 },
 {
   "OrgCode": "RTD",
   "Year": 2014,
   "OrgName": "THE NEWCASTLE UPON TYNE HOSPITALS NHS FOUNDATION TRUST",
   "TotalAdmissions": 256456
 },
 {
   "OrgCode": "RTD",
   "Year": 2015,
   "OrgName": "THE NEWCASTLE UPON TYNE HOSPITALS NHS FOUNDATION TRUST",
   "TotalAdmissions": 215907
 },
 {
   "OrgCode": "RTD",
   "Year": 2016,
   "OrgName": "THE NEWCASTLE UPON TYNE HOSPITALS NHS FOUNDATION TRUST",
   "TotalAdmissions": 257642
 },
 {
   "OrgCode": "RTD",
   "Year": 2017,
   "OrgName": "THE NEWCASTLE UPON TYNE HOSPITALS NHS FOUNDATION TRUST",
   "TotalAdmissions": 260323
 },
 {
   "OrgCode": "RTD",
   "Year": 2018,
   "OrgName": "THE NEWCASTLE UPON TYNE HOSPITALS NHS FOUNDATION TRUST",
   "TotalAdmissions": 241280
 },
 {
   "OrgCode": "RTD",
   "Year": 2019,
   "OrgName": "THE NEWCASTLE UPON TYNE HOSPITALS NHS FOUNDATION TRUST",
   "TotalAdmissions": 289117
 },
 {
   "OrgCode": "RTD",
   "Year": 2020,
   "OrgName": "THE NEWCASTLE UPON TYNE HOSPITALS NHS FOUNDATION TRUST",
   "TotalAdmissions": 241549
 },
 {
   "OrgCode": "RTD",
   "Year": 2021,
   "OrgName": "THE NEWCASTLE UPON TYNE HOSPITALS NHS FOUNDATION TRUST",
   "TotalAdmissions": 242620
 },
 {
   "OrgCode": "RTD",
   "Year": 2022,
   "OrgName": "THE NEWCASTLE UPON TYNE HOSPITALS NHS FOUNDATION TRUST",
   "TotalAdmissions": 86646
 },
 {
   "OrgCode": "RTF",
   "Year": 2010,
   "OrgName": "NORTHUMBRIA HEALTHCARE NHS FOUNDATION TRUST",
   "TotalAdmissions": 244973
 },
 {
   "OrgCode": "RTF",
   "Year": 2011,
   "OrgName": "NORTHUMBRIA HEALTHCARE NHS FOUNDATION TRUST",
   "TotalAdmissions": 242856
 },
 {
   "OrgCode": "RTF",
   "Year": 2012,
   "OrgName": "NORTHUMBRIA HEALTHCARE NHS FOUNDATION TRUST",
   "TotalAdmissions": 263900
 },
 {
   "OrgCode": "RTF",
   "Year": 2013,
   "OrgName": "NORTHUMBRIA HEALTHCARE NHS FOUNDATION TRUST",
   "TotalAdmissions": 271640
 },
 {
   "OrgCode": "RTF",
   "Year": 2014,
   "OrgName": "NORTHUMBRIA HEALTHCARE NHS FOUNDATION TRUST",
   "TotalAdmissions": 265644
 },
 {
   "OrgCode": "RTF",
   "Year": 2015,
   "OrgName": "NORTHUMBRIA HEALTHCARE NHS FOUNDATION TRUST",
   "TotalAdmissions": 250967
 },
 {
   "OrgCode": "RTF",
   "Year": 2016,
   "OrgName": "NORTHUMBRIA HEALTHCARE NHS FOUNDATION TRUST",
   "TotalAdmissions": 238720
 },
 {
   "OrgCode": "RTF",
   "Year": 2017,
   "OrgName": "NORTHUMBRIA HEALTHCARE NHS FOUNDATION TRUST",
   "TotalAdmissions": 244498
 },
 {
   "OrgCode": "RTF",
   "Year": 2018,
   "OrgName": "NORTHUMBRIA HEALTHCARE NHS FOUNDATION TRUST",
   "TotalAdmissions": 272574
 },
 {
   "OrgCode": "RTF",
   "Year": 2019,
   "OrgName": "NORTHUMBRIA HEALTHCARE NHS FOUNDATION TRUST",
   "TotalAdmissions": 268064
 },
 {
   "OrgCode": "RTF",
   "Year": 2020,
   "OrgName": "NORTHUMBRIA HEALTHCARE NHS FOUNDATION TRUST",
   "TotalAdmissions": 252215
 },
 {
   "OrgCode": "RTF",
   "Year": 2021,
   "OrgName": "NORTHUMBRIA HEALTHCARE NHS FOUNDATION TRUST",
   "TotalAdmissions": 232340
 },
 {
   "OrgCode": "RTF",
   "Year": 2022,
   "OrgName": "NORTHUMBRIA HEALTHCARE NHS FOUNDATION TRUST",
   "TotalAdmissions": 52413
 },
 {
   "OrgCode": "RTR",
   "Year": 2010,
   "OrgName": "SOUTH TEES HOSPITALS NHS FOUNDATION TRUST",
   "TotalAdmissions": 209169
 },
 {
   "OrgCode": "RTR",
   "Year": 2011,
   "OrgName": "SOUTH TEES HOSPITALS NHS FOUNDATION TRUST",
   "TotalAdmissions": 210714
 },
 {
   "OrgCode": "RTR",
   "Year": 2012,
   "OrgName": "SOUTH TEES HOSPITALS NHS FOUNDATION TRUST",
   "TotalAdmissions": 197871
 },
 {
   "OrgCode": "RTR",
   "Year": 2013,
   "OrgName": "SOUTH TEES HOSPITALS NHS FOUNDATION TRUST",
   "TotalAdmissions": 213713
 },
 {
   "OrgCode": "RTR",
   "Year": 2014,
   "OrgName": "SOUTH TEES HOSPITALS NHS FOUNDATION TRUST",
   "TotalAdmissions": 225085
 },
 {
   "OrgCode": "RTR",
   "Year": 2015,
   "OrgName": "SOUTH TEES HOSPITALS NHS FOUNDATION TRUST",
   "TotalAdmissions": 210426
 },
 {
   "OrgCode": "RTR",
   "Year": 2016,
   "OrgName": "SOUTH TEES HOSPITALS NHS FOUNDATION TRUST",
   "TotalAdmissions": 214889
 },
 {
   "OrgCode": "RTR",
   "Year": 2017,
   "OrgName": "SOUTH TEES HOSPITALS NHS FOUNDATION TRUST",
   "TotalAdmissions": 205655
 },
 {
   "OrgCode": "RTR",
   "Year": 2018,
   "OrgName": "SOUTH TEES HOSPITALS NHS FOUNDATION TRUST",
   "TotalAdmissions": 218911
 },
 {
   "OrgCode": "RTR",
   "Year": 2019,
   "OrgName": "SOUTH TEES HOSPITALS NHS FOUNDATION TRUST",
   "TotalAdmissions": 213968
 },
 {
   "OrgCode": "RTR",
   "Year": 2020,
   "OrgName": "SOUTH TEES HOSPITALS NHS FOUNDATION TRUST",
   "TotalAdmissions": 209576
 },
 {
   "OrgCode": "RTR",
   "Year": 2021,
   "OrgName": "SOUTH TEES HOSPITALS NHS FOUNDATION TRUST",
   "TotalAdmissions": 230321
 },
 {
   "OrgCode": "RTR",
   "Year": 2022,
   "OrgName": "SOUTH TEES HOSPITALS NHS FOUNDATION TRUST",
   "TotalAdmissions": 46857
 },
 {
   "OrgCode": "RV9",
   "Year": 2010,
   "OrgName": "HUMBER TEACHING NHS FOUNDATION TRUST",
   "TotalAdmissions": 64354
 },
 {
   "OrgCode": "RV10",
   "Year": 2011,
   "OrgName": "HUMBER TEACHING NHS FOUNDATION TRUST",
   "TotalAdmissions": 64680
 },
 {
   "OrgCode": "RV11",
   "Year": 2012,
   "OrgName": "HUMBER TEACHING NHS FOUNDATION TRUST",
   "TotalAdmissions": 54877
 },
 {
   "OrgCode": "RV12",
   "Year": 2013,
   "OrgName": "HUMBER TEACHING NHS FOUNDATION TRUST",
   "TotalAdmissions": 46857
 },
 {
   "OrgCode": "RV13",
   "Year": 2014,
   "OrgName": "HUMBER TEACHING NHS FOUNDATION TRUST",
   "TotalAdmissions": 57408
 },
 {
   "OrgCode": "RV14",
   "Year": 2015,
   "OrgName": "HUMBER TEACHING NHS FOUNDATION TRUST",
   "TotalAdmissions": 60163
 },
 {
   "OrgCode": "RV15",
   "Year": 2016,
   "OrgName": "HUMBER TEACHING NHS FOUNDATION TRUST",
   "TotalAdmissions": 58141
 },
 {
   "OrgCode": "RV16",
   "Year": 2017,
   "OrgName": "HUMBER TEACHING NHS FOUNDATION TRUST",
   "TotalAdmissions": 69267
 },
 {
   "OrgCode": "RV17",
   "Year": 2018,
   "OrgName": "HUMBER TEACHING NHS FOUNDATION TRUST",
   "TotalAdmissions": 57925
 },
 {
   "OrgCode": "RV18",
   "Year": 2019,
   "OrgName": "HUMBER TEACHING NHS FOUNDATION TRUST",
   "TotalAdmissions": 68871
 },
 {
   "OrgCode": "RV19",
   "Year": 2020,
   "OrgName": "HUMBER TEACHING NHS FOUNDATION TRUST",
   "TotalAdmissions": 78522
 },
 {
   "OrgCode": "RV20",
   "Year": 2021,
   "OrgName": "HUMBER TEACHING NHS FOUNDATION TRUST",
   "TotalAdmissions": 61421
 },
 {
   "OrgCode": "RV21",
   "Year": 2022,
   "OrgName": "HUMBER TEACHING NHS FOUNDATION TRUST",
   "TotalAdmissions": 17066
 },
 {
   "OrgCode": "RVW",
   "Year": 2010,
   "OrgName": "NORTH TEES AND HARTLEPOOL NHS FOUNDATION TRUST",
   "TotalAdmissions": 195260
 },
 {
   "OrgCode": "RVW",
   "Year": 2011,
   "OrgName": "NORTH TEES AND HARTLEPOOL NHS FOUNDATION TRUST",
   "TotalAdmissions": 196310
 },
 {
   "OrgCode": "RVW",
   "Year": 2012,
   "OrgName": "NORTH TEES AND HARTLEPOOL NHS FOUNDATION TRUST",
   "TotalAdmissions": 221109
 },
 {
   "OrgCode": "RVW",
   "Year": 2013,
   "OrgName": "NORTH TEES AND HARTLEPOOL NHS FOUNDATION TRUST",
   "TotalAdmissions": 189195
 },
 {
   "OrgCode": "RVW",
   "Year": 2014,
   "OrgName": "NORTH TEES AND HARTLEPOOL NHS FOUNDATION TRUST",
   "TotalAdmissions": 219200
 },
 {
   "OrgCode": "RVW",
   "Year": 2015,
   "OrgName": "NORTH TEES AND HARTLEPOOL NHS FOUNDATION TRUST",
   "TotalAdmissions": 198338
 },
 {
   "OrgCode": "RVW",
   "Year": 2016,
   "OrgName": "NORTH TEES AND HARTLEPOOL NHS FOUNDATION TRUST",
   "TotalAdmissions": 256575
 },
 {
   "OrgCode": "RVW",
   "Year": 2017,
   "OrgName": "NORTH TEES AND HARTLEPOOL NHS FOUNDATION TRUST",
   "TotalAdmissions": 238843
 },
 {
   "OrgCode": "RVW",
   "Year": 2018,
   "OrgName": "NORTH TEES AND HARTLEPOOL NHS FOUNDATION TRUST",
   "TotalAdmissions": 204418
 },
 {
   "OrgCode": "RVW",
   "Year": 2019,
   "OrgName": "NORTH TEES AND HARTLEPOOL NHS FOUNDATION TRUST",
   "TotalAdmissions": 187455
 },
 {
   "OrgCode": "RVW",
   "Year": 2020,
   "OrgName": "NORTH TEES AND HARTLEPOOL NHS FOUNDATION TRUST",
   "TotalAdmissions": 189436
 },
 {
   "OrgCode": "RVW",
   "Year": 2021,
   "OrgName": "NORTH TEES AND HARTLEPOOL NHS FOUNDATION TRUST",
   "TotalAdmissions": 214413
 },
 {
   "OrgCode": "RVW",
   "Year": 2022,
   "OrgName": "NORTH TEES AND HARTLEPOOL NHS FOUNDATION TRUST",
   "TotalAdmissions": 48052
 },
 {
   "OrgCode": "RWA",
   "Year": 2010,
   "OrgName": "HULL UNIVERSITY TEACHING HOSPITALS NHS TRUST",
   "TotalAdmissions": 163146
 },
 {
   "OrgCode": "RWA",
   "Year": 2011,
   "OrgName": "HULL UNIVERSITY TEACHING HOSPITALS NHS TRUST",
   "TotalAdmissions": 131937
 },
 {
   "OrgCode": "RWA",
   "Year": 2012,
   "OrgName": "HULL UNIVERSITY TEACHING HOSPITALS NHS TRUST",
   "TotalAdmissions": 189880
 },
 {
   "OrgCode": "RWA",
   "Year": 2013,
   "OrgName": "HULL UNIVERSITY TEACHING HOSPITALS NHS TRUST",
   "TotalAdmissions": 147678
 },
 {
   "OrgCode": "RWA",
   "Year": 2014,
   "OrgName": "HULL UNIVERSITY TEACHING HOSPITALS NHS TRUST",
   "TotalAdmissions": 150931
 },
 {
   "OrgCode": "RWA",
   "Year": 2015,
   "OrgName": "HULL UNIVERSITY TEACHING HOSPITALS NHS TRUST",
   "TotalAdmissions": 157013
 },
 {
   "OrgCode": "RWA",
   "Year": 2016,
   "OrgName": "HULL UNIVERSITY TEACHING HOSPITALS NHS TRUST",
   "TotalAdmissions": 157748
 },
 {
   "OrgCode": "RWA",
   "Year": 2017,
   "OrgName": "HULL UNIVERSITY TEACHING HOSPITALS NHS TRUST",
   "TotalAdmissions": 171568
 },
 {
   "OrgCode": "RWA",
   "Year": 2018,
   "OrgName": "HULL UNIVERSITY TEACHING HOSPITALS NHS TRUST",
   "TotalAdmissions": 168847
 },
 {
   "OrgCode": "RWA",
   "Year": 2019,
   "OrgName": "HULL UNIVERSITY TEACHING HOSPITALS NHS TRUST",
   "TotalAdmissions": 164821
 },
 {
   "OrgCode": "RWA",
   "Year": 2020,
   "OrgName": "HULL UNIVERSITY TEACHING HOSPITALS NHS TRUST",
   "TotalAdmissions": 157630
 },
 {
   "OrgCode": "RWA",
   "Year": 2021,
   "OrgName": "HULL UNIVERSITY TEACHING HOSPITALS NHS TRUST",
   "TotalAdmissions": 160519
 },
 {
   "OrgCode": "RWA",
   "Year": 2022,
   "OrgName": "HULL UNIVERSITY TEACHING HOSPITALS NHS TRUST",
   "TotalAdmissions": 23373
 },
 {
   "OrgCode": "RWY",
   "Year": 2010,
   "OrgName": "CALDERDALE AND HUDDERSFIELD NHS FOUNDATION TRUST",
   "TotalAdmissions": 228479
 },
 {
   "OrgCode": "RWY",
   "Year": 2011,
   "OrgName": "CALDERDALE AND HUDDERSFIELD NHS FOUNDATION TRUST",
   "TotalAdmissions": 241042
 },
 {
   "OrgCode": "RWY",
   "Year": 2012,
   "OrgName": "CALDERDALE AND HUDDERSFIELD NHS FOUNDATION TRUST",
   "TotalAdmissions": 210736
 },
 {
   "OrgCode": "RWY",
   "Year": 2013,
   "OrgName": "CALDERDALE AND HUDDERSFIELD NHS FOUNDATION TRUST",
   "TotalAdmissions": 181975
 },
 {
   "OrgCode": "RWY",
   "Year": 2014,
   "OrgName": "CALDERDALE AND HUDDERSFIELD NHS FOUNDATION TRUST",
   "TotalAdmissions": 204020
 },
 {
   "OrgCode": "RWY",
   "Year": 2015,
   "OrgName": "CALDERDALE AND HUDDERSFIELD NHS FOUNDATION TRUST",
   "TotalAdmissions": 208076
 },
 {
   "OrgCode": "RWY",
   "Year": 2016,
   "OrgName": "CALDERDALE AND HUDDERSFIELD NHS FOUNDATION TRUST",
   "TotalAdmissions": 220285
 },
 {
   "OrgCode": "RWY",
   "Year": 2017,
   "OrgName": "CALDERDALE AND HUDDERSFIELD NHS FOUNDATION TRUST",
   "TotalAdmissions": 208813
 },
 {
   "OrgCode": "RWY",
   "Year": 2018,
   "OrgName": "CALDERDALE AND HUDDERSFIELD NHS FOUNDATION TRUST",
   "TotalAdmissions": 227500
 },
 {
   "OrgCode": "RWY",
   "Year": 2019,
   "OrgName": "CALDERDALE AND HUDDERSFIELD NHS FOUNDATION TRUST",
   "TotalAdmissions": 216245
 },
 {
   "OrgCode": "RWY",
   "Year": 2020,
   "OrgName": "CALDERDALE AND HUDDERSFIELD NHS FOUNDATION TRUST",
   "TotalAdmissions": 203454
 },
 {
   "OrgCode": "RWY",
   "Year": 2021,
   "OrgName": "CALDERDALE AND HUDDERSFIELD NHS FOUNDATION TRUST",
   "TotalAdmissions": 231306
 },
 {
   "OrgCode": "RWY",
   "Year": 2022,
   "OrgName": "CALDERDALE AND HUDDERSFIELD NHS FOUNDATION TRUST",
   "TotalAdmissions": 37110
 },
 {
   "OrgCode": "RXF",
   "Year": 2010,
   "OrgName": "MID YORKSHIRE HOSPITALS NHS TRUST",
   "TotalAdmissions": 323898
 },
 {
   "OrgCode": "RXF",
   "Year": 2011,
   "OrgName": "MID YORKSHIRE HOSPITALS NHS TRUST",
   "TotalAdmissions": 299046
 },
 {
   "OrgCode": "RXF",
   "Year": 2012,
   "OrgName": "MID YORKSHIRE HOSPITALS NHS TRUST",
   "TotalAdmissions": 293468
 },
 {
   "OrgCode": "RXF",
   "Year": 2013,
   "OrgName": "MID YORKSHIRE HOSPITALS NHS TRUST",
   "TotalAdmissions": 252218
 },
 {
   "OrgCode": "RXF",
   "Year": 2014,
   "OrgName": "MID YORKSHIRE HOSPITALS NHS TRUST",
   "TotalAdmissions": 289940
 },
 {
   "OrgCode": "RXF",
   "Year": 2015,
   "OrgName": "MID YORKSHIRE HOSPITALS NHS TRUST",
   "TotalAdmissions": 260240
 },
 {
   "OrgCode": "RXF",
   "Year": 2016,
   "OrgName": "MID YORKSHIRE HOSPITALS NHS TRUST",
   "TotalAdmissions": 326964
 },
 {
   "OrgCode": "RXF",
   "Year": 2017,
   "OrgName": "MID YORKSHIRE HOSPITALS NHS TRUST",
   "TotalAdmissions": 297395
 },
 {
   "OrgCode": "RXF",
   "Year": 2018,
   "OrgName": "MID YORKSHIRE HOSPITALS NHS TRUST",
   "TotalAdmissions": 295276
 },
 {
   "OrgCode": "RXF",
   "Year": 2019,
   "OrgName": "MID YORKSHIRE HOSPITALS NHS TRUST",
   "TotalAdmissions": 297594
 },
 {
   "OrgCode": "RXF",
   "Year": 2020,
   "OrgName": "MID YORKSHIRE HOSPITALS NHS TRUST",
   "TotalAdmissions": 265583
 },
 {
   "OrgCode": "RXF",
   "Year": 2021,
   "OrgName": "MID YORKSHIRE HOSPITALS NHS TRUST",
   "TotalAdmissions": 272543
 },
 {
   "OrgCode": "RXF",
   "Year": 2022,
   "OrgName": "MID YORKSHIRE HOSPITALS NHS TRUST",
   "TotalAdmissions": 72819
 },
 {
   "OrgCode": "RXG",
   "Year": 2010,
   "OrgName": "SOUTH WEST YORKSHIRE PARTNERSHIP NHS FOUNDATION TRUST",
   "TotalAdmissions": 45070
 },
 {
   "OrgCode": "RXG",
   "Year": 2011,
   "OrgName": "SOUTH WEST YORKSHIRE PARTNERSHIP NHS FOUNDATION TRUST",
   "TotalAdmissions": 59093
 },
 {
   "OrgCode": "RXG",
   "Year": 2012,
   "OrgName": "SOUTH WEST YORKSHIRE PARTNERSHIP NHS FOUNDATION TRUST",
   "TotalAdmissions": 57466
 },
 {
   "OrgCode": "RXG",
   "Year": 2013,
   "OrgName": "SOUTH WEST YORKSHIRE PARTNERSHIP NHS FOUNDATION TRUST",
   "TotalAdmissions": 80995
 },
 {
   "OrgCode": "RXG",
   "Year": 2014,
   "OrgName": "SOUTH WEST YORKSHIRE PARTNERSHIP NHS FOUNDATION TRUST",
   "TotalAdmissions": 57362
 },
 {
   "OrgCode": "RXG",
   "Year": 2015,
   "OrgName": "SOUTH WEST YORKSHIRE PARTNERSHIP NHS FOUNDATION TRUST",
   "TotalAdmissions": 85629
 },
 {
   "OrgCode": "RXG",
   "Year": 2016,
   "OrgName": "SOUTH WEST YORKSHIRE PARTNERSHIP NHS FOUNDATION TRUST",
   "TotalAdmissions": 53984
 },
 {
   "OrgCode": "RXG",
   "Year": 2017,
   "OrgName": "SOUTH WEST YORKSHIRE PARTNERSHIP NHS FOUNDATION TRUST",
   "TotalAdmissions": 35639
 },
 {
   "OrgCode": "RXG",
   "Year": 2018,
   "OrgName": "SOUTH WEST YORKSHIRE PARTNERSHIP NHS FOUNDATION TRUST",
   "TotalAdmissions": 55554
 },
 {
   "OrgCode": "RXG",
   "Year": 2019,
   "OrgName": "SOUTH WEST YORKSHIRE PARTNERSHIP NHS FOUNDATION TRUST",
   "TotalAdmissions": 56576
 },
 {
   "OrgCode": "RXG",
   "Year": 2020,
   "OrgName": "SOUTH WEST YORKSHIRE PARTNERSHIP NHS FOUNDATION TRUST",
   "TotalAdmissions": 40246
 },
 {
   "OrgCode": "RXG",
   "Year": 2021,
   "OrgName": "SOUTH WEST YORKSHIRE PARTNERSHIP NHS FOUNDATION TRUST",
   "TotalAdmissions": 55029
 },
 {
   "OrgCode": "RXG",
   "Year": 2022,
   "OrgName": "SOUTH WEST YORKSHIRE PARTNERSHIP NHS FOUNDATION TRUST",
   "TotalAdmissions": 5761
 },
 {
   "OrgCode": "RXP",
   "Year": 2010,
   "OrgName": "COUNTY DURHAM AND DARLINGTON NHS FOUNDATION TRUST",
   "TotalAdmissions": 210652
 },
 {
   "OrgCode": "RXP",
   "Year": 2011,
   "OrgName": "COUNTY DURHAM AND DARLINGTON NHS FOUNDATION TRUST",
   "TotalAdmissions": 220418
 },
 {
   "OrgCode": "RXP",
   "Year": 2012,
   "OrgName": "COUNTY DURHAM AND DARLINGTON NHS FOUNDATION TRUST",
   "TotalAdmissions": 241038
 },
 {
   "OrgCode": "RXP",
   "Year": 2013,
   "OrgName": "COUNTY DURHAM AND DARLINGTON NHS FOUNDATION TRUST",
   "TotalAdmissions": 225269
 },
 {
   "OrgCode": "RXP",
   "Year": 2014,
   "OrgName": "COUNTY DURHAM AND DARLINGTON NHS FOUNDATION TRUST",
   "TotalAdmissions": 195757
 },
 {
   "OrgCode": "RXP",
   "Year": 2015,
   "OrgName": "COUNTY DURHAM AND DARLINGTON NHS FOUNDATION TRUST",
   "TotalAdmissions": 229649
 },
 {
   "OrgCode": "RXP",
   "Year": 2016,
   "OrgName": "COUNTY DURHAM AND DARLINGTON NHS FOUNDATION TRUST",
   "TotalAdmissions": 213603
 },
 {
   "OrgCode": "RXP",
   "Year": 2017,
   "OrgName": "COUNTY DURHAM AND DARLINGTON NHS FOUNDATION TRUST",
   "TotalAdmissions": 251416
 },
 {
   "OrgCode": "RXP",
   "Year": 2018,
   "OrgName": "COUNTY DURHAM AND DARLINGTON NHS FOUNDATION TRUST",
   "TotalAdmissions": 242938
 },
 {
   "OrgCode": "RXP",
   "Year": 2019,
   "OrgName": "COUNTY DURHAM AND DARLINGTON NHS FOUNDATION TRUST",
   "TotalAdmissions": 248103
 },
 {
   "OrgCode": "RXP",
   "Year": 2020,
   "OrgName": "COUNTY DURHAM AND DARLINGTON NHS FOUNDATION TRUST",
   "TotalAdmissions": 216815
 },
 {
   "OrgCode": "RXP",
   "Year": 2021,
   "OrgName": "COUNTY DURHAM AND DARLINGTON NHS FOUNDATION TRUST",
   "TotalAdmissions": 222918
 },
 {
   "OrgCode": "RXP",
   "Year": 2022,
   "OrgName": "COUNTY DURHAM AND DARLINGTON NHS FOUNDATION TRUST",
   "TotalAdmissions": 34997
 }
]